<?xml version="1.0" encoding="UTF-8"?>
<extension type="module" version="2.5" client="site" method="upgrade">
	<name>CookiesAccept</name>
	<author>Le Cinquième Crayon</author>
	<creationDate>Juin 2013</creationDate>
	<copyright>All rights reserved by Le Cinquième Crayon 2013</copyright>
	<license>http://www.gnu.org/licenses/gpl-2.0.html GNU/GPL</license>
	<authorEmail>contact@cinquiemecrayon.eu</authorEmail>
	<authorUrl>www.cinquiemecrayon.eu</authorUrl>
	<version>1.3</version>
	<description>MOD_COOKIESACCEPT_DESCRIPTION</description>
	
	<files>
		<folder>img</folder>
		<filename module="mod_cookiesaccept">mod_cookiesaccept.php</filename>
		<filename>index.html</filename>
		<filename>screen.css</filename>
		<filename>mod_cookiesaccept.xml</filename>
	</files>
	
	<languages>
	    <language tag="en-GB">language/en-GB.mod_cookiesaccept.ini</language>
        <language tag="fr-FR">language/fr-FR.mod_cookiesaccept.ini</language>
		<language tag="pl-PL">language/pl-PL.mod_cookiesaccept.ini</language>
		<language tag="it-IT">language/it-IT.mod_cookiesaccept.ini</language>
		<language tag="es-ES">language/es-ES.mod_cookiesaccept.ini</language>
    </languages>
	
	<config>
		<fields name="params">
			
			<fieldset name="basics">
				
				<field
					name="position"
					type="list"
					default="bottom"
					label="MOD_COOKIESACCEPT_POSITION"
					description="MOD_COOKIESACCEPT_POSITION_DESC"
				>
					<option value="top">MOD_COOKIESACCEPT_POSITION_TOP</option>
					<option value="bottom">MOD_COOKIESACCEPT_POSITION_BOTTOM</option>
				</field>
				<field
                    name="jquery"
                    type="radio"
                    default="1"
                    label="MOD_COOKIESACCEPT_JQUERY"
                    description="MOD_COOKIESACCEPT_JQUERY_DESC"
                >
                    <option value="0">MOD_COOKIESACCEPT_NO</option>
                    <option value="1">MOD_COOKIESACCEPT_YES</option>
                </field>
                <field
                    name="color"
                    type="list"
                    default="white"
                    label="MOD_COOKIESACCEPT_COLOR"
                    description="MOD_COOKIESACCEPT_COLOR_DESC"
                >
                    <option value="white">MOD_COOKIESACCEPT_COLOR_WHITE</option>
                    <option value="black">MOD_COOKIESACCEPT_COLOR_BLACK</option>
                </field>
                <field
                        name="enable_info"
                        type="radio"
                        default="1"
                        label="MOD_COOKIESACCEPT_INFO_ENABLE"
                        description="MOD_COOKIESACCEPT_INFO_ENABLE_DESC"
                >
                    <option value="0">MOD_COOKIESACCEPT_NO</option>
                    <option value="1">MOD_COOKIESACCEPT_YES</option>
                </field>
				<field
                        name="article_info"
                        type="radio"
                        default="0"
                        label="MOD_COOKIESACCEPT_ARTICLE_INFO"
                        description="MOD_COOKIESACCEPT_ARTICLE_INFO_DESC"
                >
                    <option value="0">MOD_COOKIESACCEPT_NO</option>
                    <option value="1">MOD_COOKIESACCEPT_YES</option>
                </field>
			</fieldset>
			
			<fieldset name="english">
                    <field
                        name="info1_en-GB"
                        type="text"
                        size="60"
                        default="NOTE! This site uses cookies and similar technologies."
                        label="MOD_COOKIESACCEPT_INFO_1"
                        description="MOD_COOKIESACCEPT_INFO_1_DESC"
                    >
                    </field>
    				<field
                        name="info2_en-GB"
                        type="text"
                        size="60"
                        default="If you not change browser settings, you agree to it."
                        label="MOD_COOKIESACCEPT_INFO_2"
                        description="MOD_COOKIESACCEPT_INFO_2_DESC"
                    >
                    </field>
    				<field
    					name="text_en-GB"
    					type="editor"
    					default=""
    					label="MOD_COOKIESACCEPT_TEXT"
    					description="MOD_COOKIESACCEPT_TEXT"
    					filter="safehtml"
    				>
    				</field>
					<field
                        name="article_info_link_en-GB"
                        type="text"
                        size="60"
                        default=""
                        label="MOD_COOKIESACCEPT_ARTICLE_INFO_LINK"
                        description="MOD_COOKIESACCEPT_ARTICLE_INFO_LINK_DESC"
                    >
                    </field>
			</fieldset>
			
			<fieldset name="french">
                    <field
                        name="info1_fr-FR"
                        type="text"
                        size="60"
                        default="REMARQUE ! Ce site utilise des cookies et autres technologies similaires."
                        label="MOD_COOKIESACCEPT_INFO_1"
                        description="MOD_COOKIESACCEPT_INFO_1_DESC"
                    >
                    </field>
                    <field
                        name="info2_fr-FR"
                        type="text"
                        size="60"
                        default="Si vous ne changez pas les paramètres de votre navigateur, vous êtes d'accord."
                        label="MOD_COOKIESACCEPT_INFO_2"
                        description="MOD_COOKIESACCEPT_INFO_2_DESC"
                    >
                    </field>
                    <field
                        name="text_fr-FR"
                        type="editor"
                        default=""
                        label="MOD_COOKIESACCEPT_TEXT"
                        description="MOD_COOKIESACCEPT_TEXT"
                        filter="safehtml"
                    >
                    </field> 
					<field
                        name="article_info_link_fr-FR"
                        type="text"
                        size="60"
                        default=""
                        label="MOD_COOKIESACCEPT_ARTICLE_INFO_LINK"
                        description="MOD_COOKIESACCEPT_ARTICLE_INFO_LINK_DESC"
                    >
                    </field>
            </fieldset>
			
			<fieldset name="polish">
                    <field
                        name="info1_pl-PL"
                        type="text"
                        size="60"
                        default="UWAGA! Ten serwis używa cookies i podobnych technologii."
                        label="MOD_COOKIESACCEPT_INFO_1"
                        description="MOD_COOKIESACCEPT_INFO_1_DESC"
                    >
                    </field>
                    <field
                        name="info2_pl-PL"
                        type="text"
                        size="60"
                        default="Brak zmiany ustawienia przeglądarki oznacza zgodę na to."
                        label="MOD_COOKIESACCEPT_INFO_2"
                        description="MOD_COOKIESACCEPT_INFO_2_DESC"
                    >
                    </field>
                    <field
                        name="text_pl-PL"
                        type="editor"
                        default=""
                        label="MOD_COOKIESACCEPT_TEXT"
                        description="MOD_COOKIESACCEPT_TEXT"
                        filter="safehtml"
                    >
                    </field>  
					<field
                        name="article_info_link_pl-PL"
                        type="text"
                        size="60"
                        default=""
                        label="MOD_COOKIESACCEPT_ARTICLE_INFO_LINK"
                        description="MOD_COOKIESACCEPT_ARTICLE_INFO_LINK_DESC"
                    >
                    </field>
            </fieldset>
			
			<fieldset name="italian">
                    <field
                        name="info1_it-IT"
                        type="text"
                        size="60"
                        default="NOTA! Questo sito utilizza i cookie e tecnologie simili."
                        label="MOD_COOKIESACCEPT_INFO_1"
                        description="MOD_COOKIESACCEPT_INFO_1_DESC"
                    >
                    </field>
                    <field
                        name="info2_it-IT"
                        type="text"
                        size="60"
                        default="Se non si modificano le impostazioni del browser, l'utente accetta."
                        label="MOD_COOKIESACCEPT_INFO_2"
                        description="MOD_COOKIESACCEPT_INFO_2_DESC"
                    >
                    </field>
                    <field
                        name="text_it-IT"
                        type="editor"
                        default=""
                        label="MOD_COOKIESACCEPT_TEXT"
                        description="MOD_COOKIESACCEPT_TEXT"
                        filter="safehtml"
                    >
                    </field>    
					<field
                        name="article_info_link_it-IT"
                        type="text"
                        size="60"
                        default=""
                        label="MOD_COOKIESACCEPT_ARTICLE_INFO_LINK"
                        description="MOD_COOKIESACCEPT_ARTICLE_INFO_LINK_DESC"
                    >
                    </field>
            </fieldset>
			
			<fieldset name="spanish">
                    <field
                        name="info1_es-ES"
                        type="text"
                        size="60"
                        default="¡Atención! Este sitio usa cookies y tecnologías similares."
                        label="MOD_COOKIESACCEPT_INFO_1"
                        description="MOD_COOKIESACCEPT_INFO_1_DESC"
                    >
                    </field>
                    <field
                        name="info2_es-ES"
                        type="text"
                        size="60"
                        default="Si no cambia la configuración de su navegador, usted acepta su uso."
                        label="MOD_COOKIESACCEPT_INFO_2"
                        description="MOD_COOKIESACCEPT_INFO_2_DESC"
                    >
                    </field>
                    <field
                        name="text_es-ES"
                        type="editor"
                        default=""
                        label="MOD_COOKIESACCEPT_TEXT"
                        description="MOD_COOKIESACCEPT_TEXT"
                        filter="safehtml"
                    >
                    </field>    
					<field
                        name="article_info_link_es-ES"
                        type="text"
                        size="60"
                        default=""
                        label="MOD_COOKIESACCEPT_ARTICLE_INFO_LINK"
                        description="MOD_COOKIESACCEPT_ARTICLE_INFO_LINK_DESC"
                    >
                    </field>
            </fieldset>
			
            <fieldset name="other">
                    <field
                        name="lang_code"
                        type="text"
                        size="10"
                        default=""
                        label="MOD_COOKIESACCEPT_LANG_CODE"
                        description="MOD_COOKIESACCEPT_LANG_CODE_DESC"
                    >
                    </field>
                    <field
                        name="info1_xx-XX"
                        type="text"
                        size="60"
                        default=""
                        label="MOD_COOKIESACCEPT_INFO_1"
                        description="MOD_COOKIESACCEPT_INFO_1_DESC"
                    >
                    </field>
                    <field
                        name="info2_xx-XX"
                        type="text"
                        size="60"
                        default=""
                        label="MOD_COOKIESACCEPT_INFO_2"
                        description="MOD_COOKIESACCEPT_INFO_2_DESC"
                    >
                    </field>
                    <field
                        name="text_xx-XX"
                        type="editor"
                        default=""
                        label="MOD_COOKIESACCEPT_TEXT"
                        description="MOD_COOKIESACCEPT_TEXT"
                        filter="safehtml"
                    >
                    </field>
                    <field
                        name="more_info"
                        type="text"
                        size="10"
                        default=""
                        label="MOD_COOKIESACCEPT_MORE"
                        description="MOD_COOKIESACCEPT_MORE_DESC"
                    >
                    </field>
                    <field
                        name="accept"
                        type="text"
                        size="10"
                        default=""
                        label="MOD_COOKIESACCEPT_ACCEPT"
                        description="MOD_COOKIESACCEPT_ACCEPT_DESC"
                    >
                    </field>
					<field
                        name="article_info_link_xx-XX"
                        type="text"
                        size="60"
                        default=""
                        label="MOD_COOKIESACCEPT_ARTICLE_INFO_LINK"
                        description="MOD_COOKIESACCEPT_ARTICLE_INFO_LINK_DESC"
                    >
                    </field>
            </fieldset>
			<fieldset name="theme">
			        <field
                        name="ca_banner"
                        type="textarea"
                        default=""
                        rows="4" cols="40"
                        label="#ca_banner"
                        description="For example: background:#800; height:200px;"
                    >
                    </field>
                    <field
                        name="ca_banner_h2"
                        type="textarea"
                        default=""
                        rows="4" cols="40"
                        label="#ca_banner>h2"
                        description="For example: color:#faa; font-style:italic;"
                    >
                    </field>
                    <field
                        name="ca_banner_p"
                        type="textarea"
                        default=""
                        rows="4" cols="40"
                        label="#ca_banner>p"
                        description="For example: color:#400; font-size:12px;"
                    >
                    </field>
                    <field
                        name="ca_banner_p_span"
                        type="textarea"
                        default=""
                        rows="4" cols="40"
                        label="#ca_banner>p>span"
                        description="For example: color:#fff; text-decoration:none;"
                    >
                    </field>
                    <field
                        name="ca_banner_div_accept"
                        type="textarea"
                        default=""
                        rows="4" cols="40"
                        label="#ca_banner>div.accept"
                        description="For example: color:#fff; background-image:none; background-color:#000;"
                    >
                    </field>
                    <field
                        name="ca_banner_div_accept_hover"
                        type="textarea"
                        default=""
                        rows="4" cols="40"
                        label="#ca_banner>.accept:hover"
                        description="For example: box-shadow:0 0 4px #000;"
                    >
                    </field>
                    <field
                        name="ca_info"
                        type="textarea"
                        default=""
                        rows="4" cols="40"
                        label="#ca_info"
                        description="For example: width:1000px; margin-right:-500px;"
                    >
                    </field>
                    <field
                        name="ca_info_plus"
                        type="textarea"
                        default=""
                        rows="4" cols="40"
                        label="#ca_info_plus"
                        description="For example: width:1000px; margin-right:-500px;"
                    >
                    </field>
                    <field
                        name="ca_info_close"
                        type="textarea"
                        default=""
                        rows="4" cols="40"
                        label=".ca_info_close"
                        description="For example: background-color:#090; top:5px; right:5px;"
                    >
                    </field>
			</fieldset>
			
		</fields>
	</config>
	
</extension>
